{
  "train_loss": [
    0.9635992913057629,
    0.6160331864159899,
    0.5445325781052677,
    0.47132231174899747,
    0.39582292187494783,
    0.3378536393419622,
    0.3399668861501895,
    0.2863083330515665,
    0.2592641375155542,
    0.2359426286065588,
    0.2188194200676232,
    0.19561377770532243,
    0.16869933085260205,
    0.16022209802898355,
    0.1496921837710725,
    0.13043866039048463,
    0.12849228569684318,
    0.11314816770854945,
    0.11131965420461787,
    0.10333825599330777,
    0.09713662881404161,
    0.09220621048416287,
    0.09113020704577145,
    0.08616459420539986,
    0.08665246593233306,
    0.0815960443057953,
    0.08673573774508775,
    0.07850053046529476,
    0.07910694359554746,
    0.08374249157956995,
    0.07585810142726944,
    0.08029275390798576,
    0.07597173573062442,
    0.07535581290126799,
    0.07351355335880487,
    0.07003698548891198,
    0.07571830069378446,
    0.07209641595308583,
    0.07223656905678133,
    0.07274061066809649,
    0.07261128237429328
  ],
  "val_loss": [
    0.6306330400741905,
    1.7142021604842204,
    3.739974416838102,
    2.2810111470017698,
    0.3477201736046493,
    0.3342929118615718,
    0.7014398278634241,
    0.23953648464628524,
    0.3971818048289857,
    0.4595080535013252,
    0.18377598845885576,
    0.4617184020944534,
    0.26611654525565587,
    0.1639829318730469,
    0.14831931569093576,
    0.21378210237238304,
    0.15367311164108247,
    0.4849113592507669,
    0.39847850210270475,
    0.32755596817905325,
    0.40747646325370696,
    0.5120398947966223,
    0.1665185369219791,
    0.1590265157158298,
    0.22751788590017683,
    0.1636499833955538,
    0.5136240295108951,
    0.24456179198527572,
    0.25676350937970555,
    0.4213127501312846,
    0.23600961337868764,
    0.2078362323623722,
    0.6160594960004854,
    0.29460267991004685,
    0.7947700177189898,
    0.6201565509927717,
    0.27733576763858747,
    0.18119332344507644,
    0.5821949910669605,
    0.19539168076389726,
    0.25051695240416527
  ],
  "train_metric": [],
  "val_metric": [
    0.7886239443616493,
    0.5778617540544796,
    0.36384381338742394,
    0.3780156303092083,
    0.8563368930082611,
    0.8793729034024783,
    0.7915825715303336,
    0.9143245369377101,
    0.8931777378815081,
    0.8924242424242425,
    0.9524508365130614,
    0.9053747161241483,
    0.9416167664670658,
    0.9664113140836771,
    0.9607971488835552,
    0.9527001862197393,
    0.974968525512849,
    0.887580706418534,
    0.9498553519768563,
    0.9501418122107778,
    0.9519202143495088,
    0.9485074626865672,
    0.9717092628157779,
    0.9621668724130419,
    0.9663554172224692,
    0.9776577642968114,
    0.8760374628797685,
    0.9706946187347752,
    0.9528688524590164,
    0.9577012181451312,
    0.9711411367307975,
    0.9641010704143305,
    0.895148432161567,
    0.9737094749279964,
    0.9499214013024927,
    0.9146894363004383,
    0.9760425909494232,
    0.9738297088094361,
    0.9394964299135663,
    0.9679187372113417,
    0.9749612231331708
  ],
  "lr": [
    0.00016666666666666666,
    0.0003333333333333333,
    0.0005,
    0.0006666666666666666,
    0.0008333333333333334,
    0.001,
    0.0011666666666666668,
    0.0013333333333333333,
    0.0015,
    0.0016666666666666668,
    0.0018333333333333333,
    0.002,
    0.0019999672203791564,
    0.0019998688836656326,
    0.0019997049963063084,
    0.0019994755690455153,
    0.0019991806169243303,
    0.0019988201592795905,
    0.001998394219742627,
    0.0019979028262377117,
    0.0019973460109802303,
    0.001996723810474569,
    0.0019960362655117216,
    0.0019952834211666138,
    0.0019944653267951504,
    0.0019935820360309775,
    0.001992633606781968,
    0.001991620101226425,
    0.001990541585809003,
    0.001989398131236356,
    0.001988189812472498,
    0.0019869167087338906,
    0.0019855789034842505,
    0.0019841764844290744,
    0.0019827095435098925,
    0.0019811781768982392,
    0.001979582484989348,
    0.0019779225723955706,
    0.001976198547939518,
    0.001974410524646926,
    0.001972558619739246
  ],
  "val_accuracy": [
    0.8595422045203704,
    0.9199097845386055,
    0.9034022745813138,
    0.9090647343922453,
    0.9188060847449494,
    0.9341619079610346,
    0.8361245741158405,
    0.9629540764911944,
    0.9762464609626181,
    0.9812371035078459,
    0.9837324247804597,
    0.9842122942559623,
    0.9889150151158885,
    0.9889150151158885,
    0.982340803301502,
    0.9898267671193436,
    0.9932818273429627,
    0.9810931426651951,
    0.9874274197418302,
    0.9899707279619944,
    0.9892989106962906,
    0.9894908584864917,
    0.9914103363885023,
    0.9820528816162004,
    0.9913143624934018,
    0.9935697490282643,
    0.9791736647631845,
    0.9908824799654494,
    0.9827726858294544,
    0.9924180622870579,
    0.9889150151158885,
    0.9836844378329095,
    0.9828206727770047,
    0.9918422189164547,
    0.9910744277556505,
    0.9858438504726714,
    0.9929459187101108,
    0.991170401650751,
    0.9900187149095446,
    0.986131772157973,
    0.9922261144968568
  ],
  "val_precision": [
    0.7341426974186882,
    0.8525903100395613,
    0.8691334305067073,
    0.9104056949943176,
    0.8070586281472194,
    0.8332334006865504,
    0.7193313379555611,
    0.897138759310765,
    0.9557175526902186,
    0.980713682602046,
    0.9554733344440125,
    0.9871121758084624,
    0.9856327856397429,
    0.9698659191036894,
    0.9457482613954299,
    0.9826252676552181,
    0.9845117457815205,
    0.9834464202500124,
    0.9731079370804183,
    0.9850442780105501,
    0.9805958577477617,
    0.9837903299515584,
    0.9778805353450872,
    0.9440066779062722,
    0.9808128477490528,
    0.9841216097388272,
    0.9815422237251803,
    0.9761006552078445,
    0.9513317481046288,
    0.9920194699383871,
    0.9671406782640555,
    0.9493757143410876,
    0.9871868671896378,
    0.9786145937336351,
    0.9907182191099888,
    0.9889595983989706,
    0.9822421233931972,
    0.975490333626923,
    0.9927781970721007,
    0.9572292035829761,
    0.9795947416831139
  ],
  "val_recall": [
    0.8942491665621592,
    0.7598798076628488,
    0.6546799255553427,
    0.6625054279158478,
    0.9298668644068835,
    0.9416832687021572,
    0.9008249104470478,
    0.9563290213656657,
    0.9373144040853059,
    0.935134904389024,
    0.9744138974253603,
    0.9425206893973961,
    0.9647755120214805,
    0.9818060754258693,
    0.9808683174339142,
    0.9719222134213619,
    0.9857335580616448,
    0.9320560965656357,
    0.9710171148365212,
    0.9701126187860831,
    0.9716190160674479,
    0.9692062232204095,
    0.9843432048212557,
    0.9819644602741919,
    0.9806611987861076,
    0.987475842455432,
    0.9252767062650915,
    0.9838823170654492,
    0.9751241527242929,
    0.974199088804584,
    0.9851175738656115,
    0.9825862349279593,
    0.9363598772545509,
    0.9855374177949039,
    0.9694850536745816,
    0.9480308665098307,
    0.9866444471042197,
    0.9859399822630212,
    0.962886423694839,
    0.9841496585161804,
    0.9862309961670642
  ],